{
  "execPath": "C:/Users/Wesley Kizer/.platformio/packages/toolchain-gccarmnoneeabi/bin/arm-none-eabi-g++.exe",
  "gccDefaultCFlags": "-fsyntax-only -Os -Wall -ffunction-sections -fdata-sections -mthumb -mcpu=cortex-m4 -nostdlib -fsingle-precision-constant -mfloat-abi=hard -mfpu=fpv4-sp-d16 -DF_CPU=180000000L -DLAYOUT_US_ENGLISH -DPLATFORMIO=30503 -D__MK66FX1M0__ -DTEENSY36 -DUSB_SERIAL -DARDUINO=10805 -DTEENSYDUINO=141",
  "gccDefaultCppFlags": "-fsyntax-only -fno-exceptions -felide-constructors -fno-rtti -std=gnu++14 -Os -Wall -ffunction-sections -fdata-sections -mthumb -mcpu=cortex-m4 -nostdlib -fsingle-precision-constant -mfloat-abi=hard -mfpu=fpv4-sp-d16 -DF_CPU=180000000L -DLAYOUT_US_ENGLISH -DPLATFORMIO=30503 -D__MK66FX1M0__ -DTEENSY36 -DUSB_SERIAL -DARDUINO=10805 -DTEENSYDUINO=141",
  "gccErrorLimit": 15,
  "gccIncludePaths": "C:/Users/Wesley Kizer/.platformio/packages/framework-arduinoteensy/cores/teensy3,C:/Users/Wesley Kizer/Documents/PlatformIO/Projects/Micro-G/src,C:/Users/Wesley Kizer/.platformio/packages/framework-arduinoteensy/libraries/Wire,C:/Users/Wesley Kizer/.platformio/packages/framework-arduinoteensy/libraries/Wire/utility,C:/Users/Wesley Kizer/.platformio/packages/framework-arduinoteensy/libraries/Servo,C:/Users/Wesley Kizer/Documents/PlatformIO/Projects/Micro-G/lib/test_tube,C:/Users/Wesley Kizer/.platformio/packages/framework-arduinoteensy/libraries/ADC,C:/Users/Wesley Kizer/.platformio/packages/framework-arduinoteensy/libraries/AccelStepper/src,C:/Users/Wesley Kizer/.platformio/packages/framework-arduinoteensy/libraries/Adafruit_CC3000,C:/Users/Wesley Kizer/.platformio/packages/framework-arduinoteensy/libraries/Adafruit_CC3000/utility,C:/Users/Wesley Kizer/.platformio/packages/framework-arduinoteensy/libraries/Adafruit_GFX,C:/Users/Wesley Kizer/.platformio/packages/framework-arduinoteensy/libraries/Adafruit_ILI9340,C:/Users/Wesley Kizer/.platformio/packages/framework-arduinoteensy/libraries/Adafruit_ILI9341,C:/Users/Wesley Kizer/.platformio/packages/framework-arduinoteensy/libraries/Adafruit_NeoPixel,C:/Users/Wesley Kizer/.platformio/packages/framework-arduinoteensy/libraries/Adafruit_RA8875,C:/Users/Wesley Kizer/.platformio/packages/framework-arduinoteensy/libraries/Adafruit_SSD1306,C:/Users/Wesley Kizer/.platformio/packages/framework-arduinoteensy/libraries/Adafruit_ST7735,C:/Users/Wesley Kizer/.platformio/packages/framework-arduinoteensy/libraries/Adafruit_STMPE610,C:/Users/Wesley Kizer/.platformio/packages/framework-arduinoteensy/libraries/Adafruit_VS1053,C:/Users/Wesley Kizer/.platformio/packages/framework-arduinoteensy/libraries/Adafruit_nRF8001,C:/Users/Wesley Kizer/.platformio/packages/framework-arduinoteensy/libraries/Adafruit_nRF8001/utility,C:/Users/Wesley Kizer/.platformio/packages/framework-arduinoteensy/libraries/AltSoftSerial,C:/Users/Wesley Kizer/.platformio/packages/framework-arduinoteensy/libraries/Artnet,C:/Users/Wesley Kizer/.platformio/packages/framework-arduinoteensy/libraries/Audio,C:/Users/Wesley Kizer/.platformio/packages/framework-arduinoteensy/libraries/Audio/utility,C:/Users/Wesley Kizer/.platformio/packages/framework-arduinoteensy/libraries/Bounce,C:/Users/Wesley Kizer/.platformio/packages/framework-arduinoteensy/libraries/Bounce2,C:/Users/Wesley Kizer/.platformio/packages/framework-arduinoteensy/libraries/CapacitiveSensor,C:/Users/Wesley Kizer/.platformio/packages/framework-arduinoteensy/libraries/CryptoAccel/src,C:/Users/Wesley Kizer/.platformio/packages/framework-arduinoteensy/libraries/DS1307RTC,C:/Users/Wesley Kizer/.platformio/packages/framework-arduinoteensy/libraries/DmxSimple,C:/Users/Wesley Kizer/.platformio/packages/framework-arduinoteensy/libraries/DogLcd,C:/Users/Wesley Kizer/.platformio/packages/framework-arduinoteensy/libraries/EEPROM,C:/Users/Wesley Kizer/.platformio/packages/framework-arduinoteensy/libraries/EasyTransfer,C:/Users/Wesley Kizer/.platformio/packages/framework-arduinoteensy/libraries/EasyTransferI2C,C:/Users/Wesley Kizer/.platformio/packages/framework-arduinoteensy/libraries/Encoder,C:/Users/Wesley Kizer/.platformio/packages/framework-arduinoteensy/libraries/Encoder/utility,C:/Users/Wesley Kizer/.platformio/packages/framework-arduinoteensy/libraries/Entropy,C:/Users/Wesley Kizer/.platformio/packages/framework-arduinoteensy/libraries/Ethernet,C:/Users/Wesley Kizer/.platformio/packages/framework-arduinoteensy/libraries/FastCRC,C:/Users/Wesley Kizer/.platformio/packages/framework-arduinoteensy/libraries/FastLED,C:/Users/Wesley Kizer/.platformio/packages/framework-arduinoteensy/libraries/FlexCAN,C:/Users/Wesley Kizer/.platformio/packages/framework-arduinoteensy/libraries/FlexiTimer2,C:/Users/Wesley Kizer/.platformio/packages/framework-arduinoteensy/libraries/FreqCount,C:/Users/Wesley Kizer/.platformio/packages/framework-arduinoteensy/libraries/FreqMeasure,C:/Users/Wesley Kizer/.platformio/packages/framework-arduinoteensy/libraries/FreqMeasureMulti,C:/Users/Wesley Kizer/.platformio/packages/framework-arduinoteensy/libraries/FrequencyTimer2,C:/Users/Wesley Kizer/.platformio/packages/framework-arduinoteensy/libraries/ILI9341_t3,C:/Users/Wesley Kizer/.platformio/packages/framework-arduinoteensy/libraries/IRremote,C:/Users/Wesley Kizer/.platformio/packages/framework-arduinoteensy/libraries/Keypad/src,C:/Users/Wesley Kizer/.platformio/packages/framework-arduinoteensy/libraries/LedControl/src,C:/Users/Wesley Kizer/.platformio/packages/framework-arduinoteensy/libraries/LedDisplay,C:/Users/Wesley Kizer/.platformio/packages/framework-arduinoteensy/libraries/LiquidCrystal/src,C:/Users/Wesley Kizer/.platformio/packages/framework-arduinoteensy/libraries/LiquidCrystalFast,C:/Users/Wesley Kizer/.platformio/packages/framework-arduinoteensy/libraries/LowPower,C:/Users/Wesley Kizer/.platformio/packages/framework-arduinoteensy/libraries/MFRC522/src,C:/Users/Wesley Kizer/.platformio/packages/framework-arduinoteensy/libraries/MIDI/src,C:/Users/Wesley Kizer/.platformio/packages/framework-arduinoteensy/libraries/Metro,C:/Users/Wesley Kizer/.platformio/packages/framework-arduinoteensy/libraries/MsTimer2,C:/Users/Wesley Kizer/.platformio/packages/framework-arduinoteensy/libraries/NXPMotionSense,C:/Users/Wesley Kizer/.platformio/packages/framework-arduinoteensy/libraries/NXPMotionSense/utility,C:/Users/Wesley Kizer/.platformio/packages/framework-arduinoteensy/libraries/OSC,C:/Users/Wesley Kizer/.platformio/packages/framework-arduinoteensy/libraries/OctoWS2811,C:/Users/Wesley Kizer/.platformio/packages/framework-arduinoteensy/libraries/OneWire,C:/Users/Wesley Kizer/.platformio/packages/framework-arduinoteensy/libraries/PS2Keyboard,C:/Users/Wesley Kizer/.platformio/packages/framework-arduinoteensy/libraries/PS2Keyboard/utility,C:/Users/Wesley Kizer/.platformio/packages/framework-arduinoteensy/libraries/PWMServo,C:/Users/Wesley Kizer/.platformio/packages/framework-arduinoteensy/libraries/Ping,C:/Users/Wesley Kizer/.platformio/packages/framework-arduinoteensy/libraries/PulsePosition,C:/Users/Wesley Kizer/.platformio/packages/framework-arduinoteensy/libraries/RA8875,C:/Users/Wesley Kizer/.platformio/packages/framework-arduinoteensy/libraries/RadioHead,C:/Users/Wesley Kizer/.platformio/packages/framework-arduinoteensy/libraries/ResponsiveAnalogRead/src,C:/Users/Wesley Kizer/.platformio/packages/framework-arduinoteensy/libraries/SD,C:/Users/Wesley Kizer/.platformio/packages/framework-arduinoteensy/libraries/SD/utility,C:/Users/Wesley Kizer/.platformio/packages/framework-arduinoteensy/libraries/SPI,C:/Users/Wesley Kizer/.platformio/packages/framework-arduinoteensy/libraries/SPIFlash,C:/Users/Wesley Kizer/.platformio/packages/framework-arduinoteensy/libraries/ST7565,C:/Users/Wesley Kizer/.platformio/packages/framework-arduinoteensy/libraries/ST7735_t3,C:/Users/Wesley Kizer/.platformio/packages/framework-arduinoteensy/libraries/SerialFlash,C:/Users/Wesley Kizer/.platformio/packages/framework-arduinoteensy/libraries/ShiftPWM,C:/Users/Wesley Kizer/.platformio/packages/framework-arduinoteensy/libraries/Snooze,C:/Users/Wesley Kizer/.platformio/packages/framework-arduinoteensy/libraries/Snooze/utility,C:/Users/Wesley Kizer/.platformio/packages/framework-arduinoteensy/libraries/SoftPWM,C:/Users/Wesley Kizer/.platformio/packages/framework-arduinoteensy/libraries/SoftwareSerial,C:/Users/Wesley Kizer/.platformio/packages/framework-arduinoteensy/libraries/TFT_ILI9163C,C:/Users/Wesley Kizer/.platformio/packages/framework-arduinoteensy/libraries/Talkie,C:/Users/Wesley Kizer/.platformio/packages/framework-arduinoteensy/libraries/TeensyThreads,C:/Users/Wesley Kizer/.platformio/packages/framework-arduinoteensy/libraries/Time,C:/Users/Wesley Kizer/.platformio/packages/framework-arduinoteensy/libraries/TimeAlarms,C:/Users/Wesley Kizer/.platformio/packages/framework-arduinoteensy/libraries/TimerOne,C:/Users/Wesley Kizer/.platformio/packages/framework-arduinoteensy/libraries/TimerThree,C:/Users/Wesley Kizer/.platformio/packages/framework-arduinoteensy/libraries/TinyGPS,C:/Users/Wesley Kizer/.platformio/packages/framework-arduinoteensy/libraries/Tlc5940,C:/Users/Wesley Kizer/.platformio/packages/framework-arduinoteensy/libraries/TouchScreen,C:/Users/Wesley Kizer/.platformio/packages/framework-arduinoteensy/libraries/USBHost_t36,C:/Users/Wesley Kizer/.platformio/packages/framework-arduinoteensy/libraries/UTFT,C:/Users/Wesley Kizer/.platformio/packages/framework-arduinoteensy/libraries/VirtualWire,C:/Users/Wesley Kizer/.platformio/packages/framework-arduinoteensy/libraries/WS2812Serial,C:/Users/Wesley Kizer/.platformio/packages/framework-arduinoteensy/libraries/XBee,C:/Users/Wesley Kizer/.platformio/packages/framework-arduinoteensy/libraries/XPT2046_Touchscreen,C:/Users/Wesley Kizer/.platformio/packages/framework-arduinoteensy/libraries/i2c_t3,C:/Users/Wesley Kizer/.platformio/packages/framework-arduinoteensy/libraries/ks0108,C:/Users/Wesley Kizer/.platformio/packages/framework-arduinoteensy/libraries/openGLCD,C:/Users/Wesley Kizer/.platformio/packages/framework-arduinoteensy/libraries/ssd1351,C:/Users/Wesley Kizer/.platformio/packages/framework-arduinoteensy/libraries/x10,C:/Users/Wesley Kizer/.platformio/packages/toolchain-gccarmnoneeabi/arm-none-eabi/include,C:/Users/Wesley Kizer/.platformio/packages/toolchain-gccarmnoneeabi/arm-none-eabi/include/c++/5.4.1,C:/Users/Wesley Kizer/.platformio/packages/toolchain-gccarmnoneeabi/arm-none-eabi/include/c++/5.4.1/arm-none-eabi,C:/Users/Wesley Kizer/.platformio/packages/toolchain-gccarmnoneeabi/lib/gcc/arm-none-eabi/5.4.1/include,C:/Users/Wesley Kizer/.platformio/packages/toolchain-gccarmnoneeabi/lib/gcc/arm-none-eabi/5.4.1/include-fixed,C:/Users/Wesley Kizer/.platformio/packages/tool-unity",
  "gccSuppressWarnings": false
}
